5 Minutes,Lane 1 Speed (mph),Lane 1 Flow (Veh/5 Minutes),Lane 2 Speed (mph),Lane 2 Flow (Veh/5 Minutes),Lane 3 Speed (mph),Lane 3 Flow (Veh/5 Minutes),Lane 4 Speed (mph),Lane 4 Flow (Veh/5 Minutes),Speed (mph),Flow (Veh/5 Minutes),# Lane Points,% Observed
9/13/2022 0:00,71.90,24,68.50,23,64.40,18,59.90,22,66.40,87,4,0.00
9/13/2022 0:05,71.10,9,67.60,9,63.40,11,59.50,21,63.90,50,4,0.00
9/13/2022 0:10,71.60,20,68.10,11,64.00,16,59.60,22,65.50,69,4,0.00
9/13/2022 0:15,71.60,7,68.20,14,64.00,10,59.60,17,64.80,48,4,0.00
9/13/2022 0:20,71.50,13,68.00,18,63.90,14,59.50,19,65.30,64,4,0.00
9/13/2022 0:25,71.40,11,68.00,17,63.80,12,59.60,17,65.30,57,4,0.00
9/13/2022 0:30,71.70,17,68.20,18,64.10,13,59.60,20,65.80,68,4,0.00
9/13/2022 0:35,71.50,5,68.10,14,63.90,10,59.60,16,64.50,45,4,0.00
9/13/2022 0:40,71.50,0,68.00,10,63.90,6,59.60,15,63.20,31,4,0.00
9/13/2022 0:45,71.10,7,67.60,13,63.40,9,59.60,18,64.30,47,4,0.00
9/13/2022 0:50,71.40,10,67.90,16,63.70,12,59.60,18,64.90,56,4,0.00
9/13/2022 0:55,71.40,15,67.90,18,63.70,13,59.60,15,65.80,61,4,0.00
9/13/2022 1:00,71.30,17,67.80,19,63.60,14,59.60,16,65.80,66,4,0.00
9/13/2022 1:05,70.70,11,67.20,15,62.90,11,59.60,17,64.60,54,4,0.00
9/13/2022 1:10,71.10,15,67.60,18,63.40,13,59.70,17,65.40,63,4,0.00
9/13/2022 1:15,70.90,20,67.40,19,63.20,14,59.50,17,65.60,70,4,0.00
9/13/2022 1:20,71.30,4,67.80,16,63.70,11,59.50,20,63.90,51,4,0.00
9/13/2022 1:25,71.50,26,68.10,22,63.90,17,59.60,17,66.60,82,4,0.00
9/13/2022 1:30,71.00,25,67.50,23,63.30,18,59.60,15,66.20,81,4,0.00
9/13/2022 1:35,71.50,14,68.00,17,63.80,12,59.50,18,65.50,61,4,0.00
9/13/2022 1:40,70.20,21,66.80,20,62.50,15,59.60,15,65.40,71,4,0.00
9/13/2022 1:45,70.20,16,66.80,18,62.50,13,59.60,17,64.90,64,4,0.00
9/13/2022 1:50,70.80,23,67.30,20,63.10,15,59.60,20,65.50,78,4,0.00
9/13/2022 1:55,70.80,12,67.30,17,63.00,12,59.60,19,64.70,60,4,0.00
9/13/2022 2:00,71.10,27,67.60,22,63.40,17,59.40,18,66.10,84,4,0.00
9/13/2022 2:05,70.80,14,67.30,16,63.00,12,59.00,20,64.60,62,4,0.00
9/13/2022 2:10,70.40,29,66.90,23,62.60,18,59.00,17,65.60,87,4,0.00
9/13/2022 2:15,70.80,12,67.30,22,63.10,18,59.00,20,64.50,72,4,0.00
9/13/2022 2:20,70.70,26,67.10,22,62.90,18,59.40,20,65.50,86,4,0.00
9/13/2022 2:25,70.70,13,67.20,15,63.00,11,59.70,17,64.90,56,4,0.00
9/13/2022 2:30,70.90,8,67.40,16,63.20,11,59.60,19,64.30,54,4,0.00
9/13/2022 2:35,70.50,18,67.00,11,62.70,6,59.70,22,64.80,57,4,0.00
9/13/2022 2:40,71.00,12,67.50,22,63.30,18,59.70,20,64.80,72,4,0.00
9/13/2022 2:45,71.10,14,67.60,17,63.50,13,59.50,20,65.00,64,4,0.00
9/13/2022 2:50,70.90,29,67.40,23,63.20,18,59.80,20,66.00,90,4,0.00
9/13/2022 2:55,71.00,33,67.50,26,63.20,21,59.70,21,66.10,101,4,0.00
9/13/2022 3:00,71.30,24,67.80,11,63.60,17,59.60,22,65.50,74,4,0.00
9/13/2022 3:05,71.40,17,67.90,14,63.70,9,59.40,25,65.00,65,4,0.00
9/13/2022 3:10,70.90,18,67.30,13,63.10,22,59.60,22,64.70,75,4,0.00
9/13/2022 3:15,70.80,35,67.30,10,63.00,5,59.80,26,66.10,76,4,0.00
9/13/2022 3:20,70.80,36,67.30,10,63.00,5,59.70,26,66.10,77,4,0.00
9/13/2022 3:25,71.20,17,67.70,15,63.50,10,59.50,27,64.70,69,4,0.00
9/13/2022 3:30,71.50,23,68.10,17,63.90,12,59.60,27,65.60,79,4,0.00
9/13/2022 3:35,71.60,9,68.20,19,64.10,14,59.50,35,63.90,77,4,0.00
9/13/2022 3:40,71.40,9,68.00,19,63.80,14,59.50,30,64.10,72,4,0.00
9/13/2022 3:45,71.30,18,67.80,15,63.70,10,59.60,27,65.00,70,4,0.00
9/13/2022 3:50,71.40,23,67.90,20,63.80,15,59.40,28,65.40,86,4,0.00
9/13/2022 3:55,71.20,2,67.70,14,63.60,9,59.80,30,62.80,55,4,0.00
9/13/2022 4:00,71.30,33,67.80,27,63.70,21,59.50,33,65.70,114,4,0.00
9/13/2022 4:05,70.90,15,67.30,25,63.10,19,59.70,34,64.20,93,4,0.00
9/13/2022 4:10,70.70,17,67.20,26,63.00,22,60.00,10,65.80,75,4,0.00
9/13/2022 4:15,71.20,27,67.80,34,63.60,29,60.30,13,66.50,103,4,0.00
9/13/2022 4:20,71.90,39,68.40,45,64.40,38,59.90,21,67.00,143,4,0.00
9/13/2022 4:25,71.80,34,68.30,41,64.30,35,60.00,21,66.80,131,4,0.00
9/13/2022 4:30,71.40,33,67.90,40,63.70,34,59.70,21,66.30,128,4,0.00
9/13/2022 4:35,71.20,28,67.70,35,63.50,30,59.50,16,66.20,109,4,0.00
9/13/2022 4:40,71.30,34,67.80,41,63.60,34,58.80,17,66.40,126,4,0.00
9/13/2022 4:45,71.80,52,68.30,55,64.20,49,59.50,33,66.70,189,4,0.00
9/13/2022 4:50,71.60,55,68.20,58,64.10,51,59.50,33,66.60,197,4,0.00
9/13/2022 4:55,71.90,46,68.50,51,64.40,44,59.80,26,67.00,167,4,0.00
9/13/2022 5:00,71.60,50,68.10,54,64.00,46,60.10,31,66.70,181,4,0.00
9/13/2022 5:05,71.30,76,67.80,76,63.70,67,60.10,42,66.50,261,4,0.00
9/13/2022 5:10,71.40,69,68.00,70,63.80,62,59.80,42,66.50,243,4,0.00
9/13/2022 5:15,71.20,83,67.70,82,63.60,73,59.60,51,66.30,289,4,0.00
9/13/2022 5:20,71.40,101,67.90,97,63.70,87,59.60,63,66.40,348,4,0.00
9/13/2022 5:25,71.40,87,68.00,85,63.80,76,59.60,52,66.50,300,4,0.00
9/13/2022 5:30,71.60,94,68.10,91,64.00,82,59.70,57,66.60,324,4,0.00
9/13/2022 5:35,71.50,104,68.00,100,63.80,89,59.50,66,66.40,359,4,0.00
9/13/2022 5:40,71.60,94,68.10,92,64.00,82,59.60,61,66.50,329,4,0.00
9/13/2022 5:45,71.70,119,68.20,113,64.20,101,59.30,72,66.60,405,4,0.00
9/13/2022 5:50,71.50,119,68.00,112,63.90,101,59.20,71,66.50,403,4,0.00
9/13/2022 5:55,71.40,117,67.90,111,63.80,99,59.20,73,66.30,400,4,0.00
9/13/2022 6:00,71.40,96,67.90,93,63.90,83,59.20,57,66.40,329,4,0.00
9/13/2022 6:05,71.10,125,67.60,117,63.40,105,59.00,78,66.00,425,4,0.00
9/13/2022 6:10,71.00,113,67.50,107,63.30,96,58.90,69,65.90,385,4,0.00
9/13/2022 6:15,70.70,128,67.20,120,62.90,108,58.70,79,65.60,435,4,0.00
9/13/2022 6:20,70.50,120,67.00,113,62.70,102,58.70,76,65.40,411,4,0.00
9/13/2022 6:25,70.60,111,67.10,105,62.90,94,58.60,70,65.50,380,4,0.00
9/13/2022 6:30,70.50,147,67.00,135,62.70,121,58.60,89,65.50,492,4,0.00
9/13/2022 6:35,70.60,123,67.10,116,62.90,104,58.50,79,65.50,422,4,0.00
9/13/2022 6:40,70.40,152,66.90,139,62.50,125,58.40,98,65.30,514,4,0.00
9/13/2022 6:45,70.50,148,67.00,137,62.70,124,58.50,88,65.50,497,4,0.00
9/13/2022 6:50,70.50,153,67.00,140,62.70,126,58.30,99,65.30,518,4,0.00
9/13/2022 6:55,70.20,156,66.80,143,62.50,130,58.30,91,65.30,520,4,0.00
9/13/2022 7:00,70.40,130,66.90,122,62.60,110,58.40,83,65.30,445,4,0.00
9/13/2022 7:05,70.60,138,67.10,128,62.80,116,58.50,88,65.50,470,4,0.00
9/13/2022 7:10,70.80,155,67.20,142,63.00,128,58.60,97,65.60,522,4,0.00
9/13/2022 7:15,70.70,141,67.20,130,62.90,118,58.60,88,65.60,477,4,0.00
9/13/2022 7:20,70.20,158,66.80,144,62.50,130,58.40,102,65.20,534,4,0.00
9/13/2022 7:25,70.10,138,66.70,127,62.40,114,58.10,95,64.90,474,4,0.00
9/13/2022 7:30,70.20,142,66.80,132,62.50,119,58.10,88,65.20,481,4,0.00
9/13/2022 7:35,70.20,156,66.80,142,62.50,128,58.00,96,65.20,522,4,0.00
9/13/2022 7:40,70.10,147,66.70,135,62.40,121,57.80,93,65.00,496,4,0.00
9/13/2022 7:45,70.00,152,66.60,141,62.30,127,57.90,101,64.80,521,4,0.00
9/13/2022 7:50,70.20,159,66.80,145,62.50,130,57.90,100,65.10,534,4,0.00
9/13/2022 7:55,70.20,148,66.80,136,62.50,122,58.30,95,65.10,501,4,0.00
9/13/2022 8:00,70.40,152,66.90,140,62.60,127,58.30,93,65.30,512,4,0.00
9/13/2022 8:05,70.50,149,67.00,136,62.70,123,58.30,100,65.30,508,4,0.00
9/13/2022 8:10,70.40,161,66.90,146,62.60,132,58.20,102,65.20,541,4,0.00
9/13/2022 8:15,70.50,154,67.00,141,62.70,127,58.30,98,65.40,520,4,0.00
9/13/2022 8:20,70.50,139,67.00,129,62.70,117,58.40,89,65.30,474,4,0.00
9/13/2022 8:25,70.10,137,66.70,126,62.40,114,58.10,89,65.00,466,4,0.00
9/13/2022 8:30,70.10,140,66.70,129,62.40,116,58.10,94,65.00,479,4,0.00
9/13/2022 8:35,70.20,146,66.80,135,62.50,121,58.00,87,65.20,489,4,0.00
9/13/2022 8:40,70.40,145,66.90,133,62.60,120,58.10,95,65.20,493,4,0.00
9/13/2022 8:45,70.10,142,66.70,131,62.40,117,57.30,96,64.80,486,4,0.00
9/13/2022 8:50,70.20,153,66.80,140,62.50,126,57.30,95,65.00,514,4,0.00
9/13/2022 8:55,70.10,131,66.70,121,62.40,109,57.10,82,64.90,443,4,0.00
9/13/2022 9:00,70.20,138,66.80,128,62.50,116,57.50,87,65.00,469,4,0.00
9/13/2022 9:05,70.50,109,67.00,103,62.70,93,57.90,68,65.30,373,4,0.00
9/13/2022 9:10,70.60,137,67.10,126,62.90,114,58.30,80,65.50,457,4,0.00
9/13/2022 9:15,70.50,144,67.00,134,62.70,121,57.90,87,65.30,486,4,0.00
9/13/2022 9:20,70.00,143,66.60,133,62.30,120,57.80,89,64.90,485,4,0.00
9/13/2022 9:25,70.40,139,66.90,128,62.60,115,57.70,85,65.20,467,4,0.00
9/13/2022 9:30,70.20,144,66.80,134,62.50,121,57.40,83,65.10,482,4,0.00
9/13/2022 9:35,70.30,143,66.80,133,62.50,120,57.60,84,65.20,480,4,0.00
9/13/2022 9:40,70.60,119,67.10,112,62.90,101,58.20,71,65.50,403,4,0.00
9/13/2022 9:45,70.60,94,67.00,92,62.80,82,58.40,59,65.40,327,4,0.00
9/13/2022 9:50,70.40,118,66.90,112,62.50,100,58.20,71,65.30,401,4,0.00
9/13/2022 9:55,70.40,96,66.90,93,62.60,83,58.40,59,65.30,331,4,0.00
9/13/2022 10:00,70.50,100,67.00,96,62.70,86,58.60,63,65.40,345,4,0.00
9/13/2022 10:05,70.80,100,67.30,96,63.00,86,58.70,61,65.70,343,4,0.00
9/13/2022 10:10,70.70,89,67.10,87,62.90,77,58.80,56,65.60,309,4,0.00
9/13/2022 10:15,70.60,110,67.10,105,62.80,94,58.60,64,65.60,373,4,0.00
9/13/2022 10:20,70.60,97,67.00,94,62.70,84,58.20,60,65.40,335,4,0.00
9/13/2022 10:25,70.90,89,67.40,87,63.20,78,58.70,56,65.80,310,4,0.00
9/13/2022 10:30,70.60,98,67.10,94,62.80,84,58.70,56,65.60,332,4,0.00
9/13/2022 10:35,70.50,87,67.00,85,62.70,76,58.50,54,65.40,302,4,0.00
9/13/2022 10:40,70.30,102,66.80,98,62.50,88,58.40,63,65.20,351,4,0.00
9/13/2022 10:45,70.20,103,66.70,99,62.40,88,58.30,60,65.20,350,4,0.00
9/13/2022 10:50,70.70,101,67.20,97,63.00,87,58.80,63,65.60,348,4,0.00
9/13/2022 10:55,71.00,98,67.50,95,63.30,85,58.80,57,66.00,335,4,0.00
9/13/2022 11:00,70.80,83,67.30,82,63.10,73,58.90,53,65.70,291,4,0.00
9/13/2022 11:05,70.80,89,67.20,87,63.00,78,57.90,51,65.60,305,4,0.00
9/13/2022 11:10,70.60,77,67.10,76,62.80,68,58.10,47,65.50,268,4,0.00
9/13/2022 11:15,70.60,84,67.00,83,62.70,74,58.40,50,65.50,291,4,0.00
9/13/2022 11:20,70.50,83,67.00,82,62.70,73,58.50,52,65.40,290,4,0.00
9/13/2022 11:25,70.50,89,67.00,87,62.70,78,58.50,56,65.40,310,4,0.00
9/13/2022 11:30,70.90,82,67.30,81,63.10,72,58.80,49,65.80,284,4,0.00
9/13/2022 11:35,70.80,91,67.30,88,63.00,79,58.80,54,65.70,312,4,0.00
9/13/2022 11:40,70.90,92,67.40,89,63.10,80,59.10,51,66.00,312,4,0.00
9/13/2022 11:45,70.60,79,67.10,79,62.80,70,59.20,45,65.70,273,4,0.00
9/13/2022 11:50,70.50,97,66.90,94,62.70,84,59.00,54,65.60,329,4,0.00
9/13/2022 11:55,70.80,79,67.20,79,63.00,70,58.90,49,65.70,277,4,0.00
9/13/2022 12:00,70.80,73,67.30,73,63.00,65,58.80,44,65.70,255,4,0.00
9/13/2022 12:05,70.90,80,67.40,79,63.10,71,58.90,50,65.80,280,4,0.00
9/13/2022 12:10,70.80,89,67.30,87,63.00,78,58.90,54,65.70,308,4,0.00
9/13/2022 12:15,70.70,84,67.20,83,63.00,74,58.70,48,65.70,289,4,0.00
9/13/2022 12:20,70.60,78,67.10,78,62.90,69,59.00,47,65.60,272,4,0.00
9/13/2022 12:25,70.60,85,67.10,84,62.90,75,59.20,49,65.70,293,4,0.00
9/13/2022 12:30,70.40,77,66.90,76,62.60,68,59.20,48,65.40,269,4,0.00
9/13/2022 12:35,70.20,82,66.80,81,62.50,72,59.00,48,65.40,283,4,0.00
9/13/2022 12:40,70.20,87,66.80,85,62.50,76,58.90,50,65.40,298,4,0.00
9/13/2022 12:45,70.20,89,66.80,87,62.50,78,58.70,50,65.40,304,4,0.00
9/13/2022 12:50,70.10,83,66.70,82,62.40,73,58.80,51,65.20,289,4,0.00
9/13/2022 12:55,70.20,91,66.70,88,62.40,79,58.60,53,65.20,311,4,0.00
9/13/2022 13:00,70.40,78,66.90,78,62.60,69,59.00,47,65.40,272,4,0.00
9/13/2022 13:05,70.40,68,66.90,69,62.60,61,59.00,44,65.40,242,4,0.00
9/13/2022 13:10,70.30,80,66.80,80,62.50,71,59.10,48,65.40,279,4,0.00
9/13/2022 13:15,70.70,83,67.20,82,62.90,73,58.80,53,65.60,291,4,0.00
9/13/2022 13:20,70.90,79,67.30,79,63.10,70,58.90,49,65.80,277,4,0.00
9/13/2022 13:25,71.00,93,67.50,91,63.30,81,59.20,55,66.10,320,4,0.00
9/13/2022 13:30,70.80,85,67.30,84,63.10,75,59.00,50,65.80,294,4,0.00
9/13/2022 13:35,70.90,79,67.30,79,63.10,70,59.00,51,65.70,279,4,0.00
9/13/2022 13:40,70.80,78,67.30,78,63.10,69,59.20,48,65.80,273,4,0.00
9/13/2022 13:45,71.10,87,67.60,85,63.40,76,59.50,55,66.10,303,4,0.00
9/13/2022 13:50,71.20,75,67.70,75,63.50,67,59.20,45,66.20,262,4,0.00
9/13/2022 13:55,71.50,78,68.00,78,63.80,69,59.20,44,66.50,269,4,0.00
9/13/2022 14:00,71.10,57,67.60,60,63.40,53,59.10,36,66.00,206,4,0.00
9/13/2022 14:05,71.20,88,67.70,86,63.50,77,59.00,49,66.20,300,4,0.00
9/13/2022 14:10,70.60,57,67.10,60,62.80,52,59.20,36,65.60,205,4,0.00
9/13/2022 14:15,70.20,74,66.60,74,62.30,66,58.80,43,65.20,257,4,0.00
9/13/2022 14:20,70.10,70,66.70,71,62.40,63,58.90,41,65.30,245,4,0.00
9/13/2022 14:25,70.50,91,67.00,88,62.70,79,59.10,53,65.60,311,4,0.00
9/13/2022 14:30,70.40,87,66.90,85,62.60,76,59.00,48,65.50,296,4,0.00
9/13/2022 14:35,70.50,74,67.00,74,62.70,66,59.00,47,65.50,261,4,0.00
9/13/2022 14:40,70.40,82,66.90,81,62.60,72,59.20,50,65.50,285,4,0.00
9/13/2022 14:45,70.50,74,67.00,74,62.70,66,59.50,48,65.50,262,4,0.00
9/13/2022 14:50,70.50,87,67.00,85,62.70,76,59.40,55,65.50,303,4,0.00
9/13/2022 14:55,70.20,71,66.80,72,62.50,64,59.20,42,65.40,249,4,0.00
9/13/2022 15:00,70.40,79,66.90,79,62.60,70,59.20,50,65.40,278,4,0.00
9/13/2022 15:05,70.40,93,66.90,91,62.60,81,59.20,58,65.40,323,4,0.00
9/13/2022 15:10,70.10,101,66.70,97,62.40,87,59.00,56,65.30,341,4,0.00
9/13/2022 15:15,70.10,92,66.70,90,62.40,80,58.80,59,65.10,321,4,0.00
9/13/2022 15:20,70.20,107,66.80,102,62.50,92,59.10,65,65.30,366,4,0.00
9/13/2022 15:25,70.40,87,66.90,85,62.60,76,59.10,51,65.50,299,4,0.00
9/13/2022 15:30,70.50,87,67.00,85,62.70,76,59.10,55,65.50,303,4,0.00
9/13/2022 15:35,70.20,80,66.80,79,62.50,71,58.80,51,65.20,281,4,0.00
9/13/2022 15:40,70.00,88,66.60,86,62.30,77,58.90,56,65.10,307,4,0.00
9/13/2022 15:45,70.00,93,66.60,91,62.30,81,58.80,60,65.00,325,4,0.00
9/13/2022 15:50,70.50,105,67.00,100,62.70,90,59.00,62,65.60,357,4,0.00
9/13/2022 15:55,71.20,112,65.90,105,62.20,100,59.20,78,65.10,395,4,0.00
9/13/2022 16:00,70.90,87,67.40,85,63.20,76,59.30,50,66.00,298,4,0.00
9/13/2022 16:05,71.10,91,67.60,88,63.40,79,59.20,53,66.10,311,4,0.00
9/13/2022 16:10,71.30,93,67.80,91,63.60,81,59.30,57,66.20,322,4,0.00
9/13/2022 16:15,71.50,89,68.00,87,63.90,77,59.50,55,66.50,308,4,0.00
9/13/2022 16:20,71.00,107,67.50,102,63.30,92,59.20,62,66.10,363,4,0.00
9/13/2022 16:25,70.90,105,67.40,100,63.10,90,58.90,62,65.90,357,4,0.00
9/13/2022 16:30,70.70,105,67.20,100,62.90,90,59.20,58,65.80,353,4,0.00
9/13/2022 16:35,70.70,91,67.20,88,63.00,79,59.10,57,65.70,315,4,0.00
9/13/2022 16:40,70.70,109,67.20,103,62.90,93,59.20,64,65.80,369,4,0.00
9/13/2022 16:45,70.70,101,67.10,97,62.90,87,59.30,62,65.70,347,4,0.00
9/13/2022 16:50,70.40,90,66.80,88,62.50,78,59.30,58,65.40,314,4,0.00
9/13/2022 16:55,70.20,112,66.80,107,62.50,96,59.50,63,65.50,378,4,0.00
9/13/2022 17:00,70.40,87,66.80,85,62.50,76,59.50,52,65.50,300,4,0.00
9/13/2022 17:05,70.70,100,67.20,96,62.90,86,59.10,58,65.80,340,4,0.00
9/13/2022 17:10,71.00,115,67.50,109,63.30,98,59.30,67,66.10,389,4,0.00
9/13/2022 17:15,70.80,105,67.30,100,63.10,90,59.20,66,65.80,361,4,0.00
9/13/2022 17:20,70.80,101,67.30,97,63.10,87,59.20,65,65.80,350,4,0.00
9/13/2022 17:25,71.40,94,67.90,91,63.80,82,59.20,59,66.30,326,4,0.00
9/13/2022 17:30,71.40,94,67.90,92,63.80,82,59.20,60,66.30,328,4,0.00
9/13/2022 17:35,71.30,101,67.80,97,63.60,87,58.90,62,66.20,347,4,0.00
9/13/2022 17:40,71.10,92,67.60,89,63.40,80,59.20,54,66.10,315,4,0.00
9/13/2022 17:45,71.20,93,67.70,91,63.50,81,59.40,59,66.10,324,4,0.00
9/13/2022 17:50,71.40,102,67.90,98,63.80,88,59.60,60,66.50,348,4,0.00
9/13/2022 17:55,71.50,75,68.00,75,63.80,66,59.50,44,66.50,260,4,0.00
9/13/2022 18:00,71.30,83,67.80,82,63.60,73,59.20,51,66.20,289,4,0.00
9/13/2022 18:05,71.10,68,67.60,69,63.50,61,59.10,42,66.10,240,4,0.00
9/13/2022 18:10,70.90,77,67.30,77,63.10,68,59.10,49,65.80,271,4,0.00
9/13/2022 18:15,70.70,61,67.20,64,63.00,55,59.20,39,65.70,219,4,0.00
9/13/2022 18:20,70.80,79,67.30,79,63.10,70,59.40,44,65.90,272,4,0.00
9/13/2022 18:25,70.50,59,67.00,61,62.70,53,59.70,35,65.70,208,4,0.00
9/13/2022 18:30,70.30,66,66.80,68,62.50,59,59.40,41,65.40,234,4,0.00
9/13/2022 18:35,70.80,70,67.30,71,63.10,63,59.60,41,65.90,245,4,0.00
9/13/2022 18:40,70.80,74,67.30,74,63.10,66,59.40,48,65.80,262,4,0.00
9/13/2022 18:45,70.80,74,67.20,74,63.00,66,59.40,44,65.80,258,4,0.00
9/13/2022 18:50,70.70,64,67.10,66,62.90,57,59.00,35,65.80,222,4,0.00
9/13/2022 18:55,70.60,57,67.10,60,62.90,52,59.10,31,65.80,200,4,0.00
9/13/2022 19:00,70.30,55,66.80,58,62.50,50,59.30,30,65.50,193,4,0.00
9/13/2022 19:05,70.30,53,66.80,57,62.50,49,59.20,30,65.50,189,4,0.00
9/13/2022 19:10,70.20,68,66.70,69,62.40,61,58.90,35,65.40,233,4,0.00
9/13/2022 19:15,70.20,73,66.70,73,62.30,65,59.30,38,65.40,249,4,0.00
9/13/2022 19:20,70.70,60,67.20,62,63.00,54,59.60,32,65.90,208,4,0.00
9/13/2022 19:25,70.10,69,66.50,70,62.20,62,59.70,37,65.40,238,4,0.00
9/13/2022 19:30,70.50,56,67.00,59,62.70,51,59.50,30,65.80,196,4,0.00
9/13/2022 19:35,70.40,46,66.90,51,62.60,43,59.80,27,65.60,167,4,0.00
9/13/2022 19:40,70.70,51,67.10,55,62.90,47,59.80,31,65.80,184,4,0.00
9/13/2022 19:45,70.80,52,67.30,56,63.10,48,59.90,33,65.90,189,4,0.00
9/13/2022 19:50,71.00,55,67.50,58,63.30,50,59.50,28,66.20,191,4,0.00
9/13/2022 19:55,70.80,50,67.30,54,63.10,46,59.40,28,66.00,178,4,0.00
9/13/2022 20:00,70.80,51,67.30,55,63.00,47,59.60,30,65.90,183,4,0.00
9/13/2022 20:05,70.80,46,67.30,51,63.10,43,59.80,24,66.10,164,4,0.00
9/13/2022 20:10,71.00,46,67.50,51,63.30,43,59.60,27,66.10,167,4,0.00
9/13/2022 20:15,71.00,55,67.50,58,63.30,50,59.80,24,66.50,187,4,0.00
9/13/2022 20:20,71.00,50,67.50,54,63.30,46,59.80,28,66.20,178,4,0.00
9/13/2022 20:25,71.20,34,67.70,41,63.50,34,59.70,17,66.50,126,4,0.00
9/13/2022 20:30,71.30,44,67.80,50,63.60,42,59.50,22,66.50,158,4,0.00
9/13/2022 20:35,71.50,46,68.00,51,63.80,43,59.80,25,66.60,165,4,0.00
9/13/2022 20:40,71.30,34,67.80,41,63.70,34,59.50,19,66.40,128,4,0.00
9/13/2022 20:45,70.90,35,67.40,42,63.10,35,59.70,21,66.00,133,4,0.00
9/13/2022 20:50,70.90,32,67.40,39,63.20,33,59.40,20,65.90,124,4,0.00
9/13/2022 20:55,70.80,25,67.30,33,63.00,27,59.30,12,66.00,97,4,0.00
9/13/2022 21:00,71.60,47,68.10,52,64.10,44,59.20,23,66.80,166,4,0.00
9/13/2022 21:05,72.00,38,68.60,43,64.70,38,59.50,23,67.00,142,4,0.00
9/13/2022 21:10,71.70,32,68.20,39,64.30,32,59.30,15,67.00,118,4,0.00
9/13/2022 21:15,72.20,27,68.70,34,64.90,28,59.70,13,67.40,102,4,0.00
9/13/2022 21:20,72.10,33,68.60,40,64.70,34,59.60,20,67.00,127,4,0.00
9/13/2022 21:25,72.10,34,68.70,41,64.80,34,59.70,17,67.30,126,4,0.00
9/13/2022 21:30,72.20,30,68.70,38,64.80,31,59.70,16,67.30,115,4,0.00
9/13/2022 21:35,72.30,23,68.80,31,65.00,25,59.70,13,67.30,92,4,0.00
9/13/2022 21:40,72.10,29,68.60,37,64.80,30,59.60,16,67.20,112,4,0.00
9/13/2022 21:45,72.00,27,68.50,34,64.50,28,59.60,12,67.30,101,4,0.00
9/13/2022 21:50,72.20,23,68.70,31,64.90,25,59.70,9,67.60,88,4,0.00
9/13/2022 21:55,72.00,16,68.50,26,64.60,20,59.60,10,66.90,72,4,0.00
9/13/2022 22:00,72.30,23,68.80,31,65.00,25,59.80,11,67.50,90,4,0.00
9/13/2022 22:05,71.90,20,68.40,29,64.40,23,59.50,11,66.90,83,4,0.00
9/13/2022 22:10,71.80,21,68.30,30,64.40,24,59.40,13,66.80,88,4,0.00
9/13/2022 22:15,72.40,20,68.90,29,65.10,23,60.20,37,65.80,109,4,0.00
9/13/2022 22:20,72.30,24,68.80,32,64.80,26,59.80,12,67.50,94,4,0.00
9/13/2022 22:25,72.40,12,68.90,23,65.00,17,59.90,40,64.70,92,4,0.00
9/13/2022 22:30,72.20,15,68.70,25,64.80,19,59.70,8,67.30,67,4,0.00
9/13/2022 22:35,72.30,16,68.80,26,64.80,20,59.70,35,65.30,97,4,0.00
9/13/2022 22:40,71.90,9,68.50,19,64.40,14,59.60,30,64.40,72,4,0.00
9/13/2022 22:45,72.30,22,68.90,18,65.10,13,60.00,27,66.20,80,4,0.00
9/13/2022 22:50,72.00,13,68.60,22,64.50,18,59.70,6,67.20,59,4,0.00
9/13/2022 22:55,71.70,23,68.20,23,64.10,17,59.60,31,65.50,94,4,0.00
9/13/2022 23:00,71.90,22,68.50,23,64.40,17,59.60,24,66.10,86,4,0.00
9/13/2022 23:05,72.00,28,68.50,24,64.40,19,59.60,23,66.50,94,4,0.00
9/13/2022 23:10,71.40,18,67.90,18,63.80,13,59.40,28,64.90,77,4,0.00
9/13/2022 23:15,71.70,10,68.20,14,64.10,17,59.30,22,64.50,63,4,0.00
9/13/2022 23:20,71.30,13,67.80,14,63.60,9,59.50,23,64.70,59,4,0.00
9/13/2022 23:25,71.30,20,67.80,16,63.60,11,59.40,24,65.30,71,4,0.00
9/13/2022 23:30,71.40,16,67.90,26,63.70,21,59.50,20,65.50,83,4,0.00
9/13/2022 23:35,71.50,27,68.00,12,63.90,19,59.50,25,65.60,83,4,0.00
9/13/2022 23:40,71.30,19,67.80,29,63.60,23,59.40,17,65.80,88,4,0.00
9/13/2022 23:45,71.10,22,67.60,16,63.40,11,59.50,23,65.50,72,4,0.00
9/13/2022 23:50,71.00,13,67.50,24,63.30,19,59.60,20,65.00,76,4,0.00
9/13/2022 23:55,71.80,20,68.40,19,64.30,15,59.60,21,66.00,75,4,0.00
9/14/2022 0:00,71.90,17,68.50,18,64.40,13,59.90,19,66.10,67,4,0.00
9/14/2022 0:05,71.50,20,68.00,20,63.90,16,59.40,20,65.80,76,4,0.00
9/14/2022 0:10,70.60,13,67.10,24,62.80,19,59.60,19,64.70,75,4,0.00
9/14/2022 0:15,70.20,16,66.80,17,62.50,12,59.70,16,65.00,61,4,0.00
9/14/2022 0:20,70.20,34,66.80,27,62.50,22,59.70,19,65.70,102,4,0.00
9/14/2022 0:25,70.20,19,66.80,20,62.50,15,59.60,20,64.90,74,4,0.00
9/14/2022 0:30,70.30,15,66.80,12,62.50,14,59.60,22,64.20,63,4,0.00
9/14/2022 0:35,70.40,29,66.90,24,62.60,19,59.60,18,65.70,90,4,0.00
9/14/2022 0:40,70.20,24,66.80,22,62.50,17,59.70,16,65.50,79,4,0.00
9/14/2022 0:45,70.40,17,66.80,18,62.50,14,59.70,17,65.00,66,4,0.00
9/14/2022 0:50,70.50,20,66.90,19,62.70,15,59.70,15,65.50,69,4,0.00
9/14/2022 0:55,70.60,7,67.10,15,62.80,10,59.60,17,64.10,49,4,0.00
9/14/2022 1:00,70.60,18,67.00,19,62.80,14,59.20,21,64.80,72,4,0.00
9/14/2022 1:05,70.30,24,66.80,20,62.50,15,59.40,16,65.50,75,4,0.00
9/14/2022 1:10,70.30,21,66.80,21,62.50,17,59.60,21,64.90,80,4,0.00
9/14/2022 1:15,70.20,16,66.80,17,62.50,12,59.60,18,64.80,63,4,0.00
9/14/2022 1:20,70.20,28,66.80,24,62.50,19,59.50,18,65.50,89,4,0.00
9/14/2022 1:25,70.20,20,66.80,20,62.50,15,59.60,19,65.00,74,4,0.00
9/14/2022 1:30,70.20,22,66.80,21,62.50,16,59.40,17,65.20,76,4,0.00
9/14/2022 1:35,70.40,22,66.90,21,62.60,17,59.50,17,65.30,77,4,0.00
9/14/2022 1:40,70.20,19,66.80,20,62.50,15,59.60,17,65.10,71,4,0.00
9/14/2022 1:45,70.20,24,66.80,21,62.50,16,59.50,15,65.50,76,4,0.00
9/14/2022 1:50,70.20,18,66.80,19,62.50,14,59.60,15,65.20,66,4,0.00
9/14/2022 1:55,70.20,12,66.80,15,62.50,11,59.70,17,64.50,55,4,0.00
9/14/2022 2:00,70.20,20,66.80,20,62.50,16,59.70,18,65.10,74,4,0.00
9/14/2022 2:05,70.70,25,67.20,21,62.90,16,59.70,19,65.70,81,4,0.00
9/14/2022 2:10,70.80,23,67.30,21,63.10,16,59.80,18,65.70,78,4,0.00
9/14/2022 2:15,70.60,17,67.00,20,62.80,15,59.60,21,64.80,73,4,0.00
9/14/2022 2:20,70.40,19,66.80,20,62.50,15,59.50,19,65.00,73,4,0.00
9/14/2022 2:25,70.80,22,67.30,21,63.10,16,59.60,16,65.80,75,4,0.00
9/14/2022 2:30,70.70,26,67.20,22,63.00,18,59.70,15,66.00,81,4,0.00
9/14/2022 2:35,70.60,20,67.10,18,62.80,14,59.80,21,65.10,73,4,0.00
9/14/2022 2:40,70.80,30,67.30,7,63.00,3,59.90,24,65.90,64,4,0.00
9/14/2022 2:45,70.70,24,67.20,10,62.90,5,59.80,25,65.30,64,4,0.00
9/14/2022 2:50,70.60,23,67.10,22,62.80,17,59.60,16,65.70,78,4,0.00
9/14/2022 2:55,70.30,20,66.80,20,62.50,15,59.60,15,65.30,70,4,0.00
9/14/2022 3:00,70.40,32,66.80,9,62.60,4,59.30,24,65.60,69,4,0.00
9/14/2022 3:05,70.60,17,67.10,26,62.90,21,59.60,22,64.80,86,4,0.00
9/14/2022 3:10,70.30,29,66.80,11,62.50,6,59.60,26,65.30,72,4,0.00
9/14/2022 3:15,70.20,46,66.80,10,62.50,5,59.50,25,66.30,86,4,0.00
9/14/2022 3:20,70.20,31,66.80,26,62.50,20,59.40,25,65.20,102,4,0.00
9/14/2022 3:25,70.20,22,66.80,19,62.50,14,59.20,29,64.40,84,4,0.00
9/14/2022 3:30,70.70,31,67.20,23,62.90,17,59.60,33,65.10,104,4,0.00
9/14/2022 3:35,71.10,10,67.60,20,63.40,15,59.70,31,64.00,76,4,0.00
9/14/2022 3:40,71.50,21,68.00,20,63.90,15,59.70,26,65.50,82,4,0.00
9/14/2022 3:45,71.30,6,67.80,17,63.70,12,59.10,34,63.10,69,4,0.00
9/14/2022 3:50,71.50,2,68.00,14,63.90,10,59.30,27,62.90,53,4,0.00
9/14/2022 3:55,71.60,24,68.20,24,64.10,18,59.50,29,65.60,95,4,0.00
9/14/2022 4:00,71.00,29,67.40,21,63.20,16,59.60,27,65.50,93,4,0.00
9/14/2022 4:05,70.90,12,67.40,23,63.20,17,59.60,32,64.10,84,4,0.00
9/14/2022 4:10,71.00,18,67.50,27,63.30,21,60.10,36,64.60,102,4,0.00
9/14/2022 4:15,71.10,23,67.60,31,63.40,25,60.10,14,66.20,93,4,0.00
9/14/2022 4:20,71.20,27,67.70,34,63.50,28,60.00,15,66.40,104,4,0.00
9/14/2022 4:25,71.80,24,68.30,32,64.30,26,60.00,13,67.00,95,4,0.00
9/14/2022 4:30,71.50,40,68.00,45,63.90,39,59.90,25,66.50,149,4,0.00
9/14/2022 4:35,71.60,37,68.10,42,64.00,37,59.70,22,66.60,138,4,0.00
9/14/2022 4:40,71.70,51,68.30,54,64.20,48,60.10,30,66.80,183,4,0.00
9/14/2022 4:45,72.30,38,68.90,44,64.80,37,59.80,23,67.30,142,4,0.00
9/14/2022 4:50,72.00,46,68.50,51,64.40,43,59.60,29,66.90,169,4,0.00
9/14/2022 4:55,72.10,49,68.70,53,64.70,46,59.80,29,67.10,177,4,0.00
9/14/2022 5:00,71.50,70,68.10,71,63.90,63,60.00,41,66.70,245,4,0.00
9/14/2022 5:05,71.50,59,68.10,61,63.90,53,59.60,37,66.50,210,4,0.00
9/14/2022 5:10,71.70,75,68.20,75,64.10,66,59.90,47,66.70,263,4,0.00
9/14/2022 5:15,71.80,90,68.30,88,64.20,78,59.70,57,66.70,313,4,0.00
9/14/2022 5:20,71.80,100,68.40,96,64.30,86,59.70,59,66.80,341,4,0.00
9/14/2022 5:25,72.00,80,68.50,80,64.50,71,59.80,48,67.00,279,4,0.00
9/14/2022 5:30,72.10,104,68.60,100,64.70,89,59.60,67,67.00,360,4,0.00
9/14/2022 5:35,71.90,102,68.40,98,64.40,88,59.50,64,66.80,352,4,0.00
9/14/2022 5:40,71.30,103,67.80,99,63.60,89,59.10,60,66.30,351,4,0.00
9/14/2022 5:45,71.80,105,68.30,100,64.30,90,59.40,64,66.80,359,4,0.00
9/14/2022 5:50,71.50,129,68.00,121,64.00,109,59.30,80,66.50,439,4,0.00
9/14/2022 5:55,71.60,80,68.10,80,64.00,71,59.30,52,66.40,283,4,0.00
9/14/2022 6:00,71.00,114,67.50,108,63.30,97,58.90,70,65.90,389,4,0.00
9/14/2022 6:05,70.90,105,67.30,101,63.10,90,58.70,65,65.80,361,4,0.00
9/14/2022 6:10,70.80,124,67.30,116,63.10,105,58.80,78,65.70,423,4,0.00
9/14/2022 6:15,71.20,126,67.60,119,63.50,107,59.10,80,66.10,432,4,0.00
9/14/2022 6:20,71.00,120,67.50,113,63.30,102,58.90,77,65.90,412,4,0.00
9/14/2022 6:25,70.90,110,67.40,105,63.20,94,58.90,68,65.80,377,4,0.00
9/14/2022 6:30,70.50,135,67.00,126,62.70,113,58.50,87,65.40,461,4,0.00
9/14/2022 6:35,70.50,142,67.00,132,62.70,119,58.60,90,65.40,483,4,0.00
9/14/2022 6:40,70.50,129,66.90,121,62.60,109,58.50,80,65.40,439,4,0.00
9/14/2022 6:45,70.80,153,67.20,141,63.00,128,58.80,93,65.70,515,4,0.00
9/14/2022 6:50,70.50,139,67.00,129,62.70,117,58.60,87,65.40,472,4,0.00
9/14/2022 6:55,70.40,131,66.90,123,62.60,110,58.50,77,65.40,441,4,0.00
9/14/2022 7:00,70.60,134,67.10,125,62.80,112,58.50,81,65.60,452,4,0.00
9/14/2022 7:05,70.80,136,67.30,127,63.10,114,58.80,86,65.70,463,4,0.00
9/14/2022 7:10,70.50,135,67.00,126,62.70,114,58.60,86,65.40,461,4,0.00
9/14/2022 7:15,70.50,135,67.00,126,62.70,114,58.60,86,65.40,461,4,0.00
9/14/2022 7:20,70.40,148,66.90,137,62.60,124,58.40,94,65.30,503,4,0.00
9/14/2022 7:25,70.10,150,66.70,139,62.40,125,58.20,96,65.00,510,4,0.00
9/14/2022 7:30,70.00,161,66.60,146,62.30,132,58.00,102,64.90,541,4,0.00
9/14/2022 7:35,70.00,157,66.60,143,62.30,129,58.00,102,64.90,531,4,0.00
9/14/2022 7:40,70.40,153,66.90,141,62.60,128,58.00,97,65.20,519,4,0.00
9/14/2022 7:45,70.20,171,66.80,155,62.50,139,58.10,108,65.10,573,4,0.00
9/14/2022 7:50,70.20,141,66.80,130,62.50,117,58.30,94,65.10,482,4,0.00
9/14/2022 7:55,70.50,138,67.00,129,62.70,116,58.50,98,65.20,481,4,0.00
9/14/2022 8:00,70.50,142,67.00,131,62.70,117,58.40,91,65.40,481,4,0.00
9/14/2022 8:05,70.50,147,67.00,135,62.70,121,58.20,90,65.40,493,4,0.00
9/14/2022 8:10,70.70,136,67.20,126,63.00,113,58.40,90,65.50,465,4,0.00
9/14/2022 8:15,70.60,151,67.10,139,62.90,126,58.30,92,65.50,508,4,0.00
9/14/2022 8:20,70.50,159,67.00,145,62.70,130,58.30,100,65.40,534,4,0.00
9/14/2022 8:25,70.40,156,66.90,142,62.60,128,58.40,94,65.30,520,4,0.00
9/14/2022 8:30,70.20,155,66.80,142,62.50,129,57.90,94,65.20,520,4,0.00
9/14/2022 8:35,70.10,159,66.70,145,62.40,130,57.70,92,65.10,526,4,0.00
9/14/2022 8:40,70.00,134,66.60,125,62.30,112,57.90,93,64.80,464,4,0.00
9/14/2022 8:45,69.90,134,66.50,124,62.10,111,57.30,90,64.60,459,4,0.00
9/14/2022 8:50,70.40,148,66.90,136,62.60,122,57.30,90,65.10,496,4,0.00
9/14/2022 8:55,70.10,138,66.70,128,62.40,116,57.30,88,64.90,470,4,0.00
9/14/2022 9:00,70.20,137,66.80,127,62.50,115,57.70,85,65.10,464,4,0.00
9/14/2022 9:05,70.20,135,66.80,126,62.50,114,58.10,83,65.20,458,4,0.00
9/14/2022 9:10,70.40,133,66.90,124,62.60,112,58.10,84,65.20,453,4,0.00
9/14/2022 9:15,70.40,129,66.90,121,62.60,109,58.40,77,65.30,436,4,0.00
9/14/2022 9:20,70.10,146,66.70,134,62.40,120,58.20,88,65.10,488,4,0.00
9/14/2022 9:25,70.50,117,67.00,111,62.70,99,58.50,72,65.40,399,4,0.00
9/14/2022 9:30,70.40,107,66.90,102,62.60,92,58.20,66,65.30,367,4,0.00
9/14/2022 9:35,70.40,116,66.90,110,62.60,99,58.40,70,65.30,395,4,0.00
9/14/2022 9:40,70.10,115,66.70,109,62.40,98,58.30,74,65.00,396,4,0.00
9/14/2022 9:45,70.50,113,66.90,107,62.60,96,58.40,69,65.40,385,4,0.00
9/14/2022 9:50,70.40,105,66.90,100,62.50,90,58.40,62,65.40,357,4,0.00
9/14/2022 9:55,70.20,93,66.80,91,62.50,81,58.30,59,65.20,324,4,0.00
9/14/2022 10:00,70.60,73,67.10,73,62.80,65,58.70,46,65.50,257,4,0.00
9/14/2022 10:05,71.00,102,67.50,98,63.30,88,58.90,60,66.00,348,4,0.00
9/14/2022 10:10,70.70,94,67.20,92,62.90,82,58.70,59,65.60,327,4,0.00
9/14/2022 10:15,70.90,93,67.40,91,63.10,81,58.80,59,65.80,324,4,0.00
9/14/2022 10:20,71.00,93,67.50,91,63.30,81,58.80,60,65.80,325,4,0.00
9/14/2022 10:25,70.70,95,67.20,92,62.90,83,58.70,60,65.60,330,4,0.00
9/14/2022 10:30,70.60,98,67.10,95,62.90,85,58.50,58,65.60,336,4,0.00
9/14/2022 10:35,70.60,98,67.10,94,62.80,84,58.60,61,65.50,337,4,0.00
9/14/2022 10:40,70.90,95,67.30,92,63.10,83,58.80,59,65.80,329,4,0.00
9/14/2022 10:45,70.90,79,67.40,79,63.20,70,58.80,49,65.80,277,4,0.00
9/14/2022 10:50,70.80,85,67.30,84,63.00,75,58.70,51,65.70,295,4,0.00
9/14/2022 10:55,70.60,96,67.10,93,62.80,83,58.50,60,65.50,332,4,0.00
9/14/2022 11:00,70.70,76,67.20,76,62.90,67,58.50,47,65.60,266,4,0.00
9/14/2022 11:05,70.50,93,67.00,91,62.70,81,58.50,51,65.60,316,4,0.00
9/14/2022 11:10,70.10,79,66.70,79,62.40,70,58.30,45,65.20,273,4,0.00
9/14/2022 11:15,70.40,94,66.90,92,62.60,82,58.50,57,65.40,325,4,0.00
9/14/2022 11:20,70.50,96,67.00,93,62.70,83,58.70,59,65.50,331,4,0.00
9/14/2022 11:25,70.60,98,67.10,95,62.80,85,58.60,59,65.60,337,4,0.00
9/14/2022 11:30,70.70,79,67.10,79,62.90,70,58.80,48,65.60,276,4,0.00
9/14/2022 11:35,70.30,87,66.80,85,62.50,76,58.80,52,65.30,300,4,0.00
9/14/2022 11:40,70.80,89,67.20,87,63.00,77,59.10,55,65.70,308,4,0.00
9/14/2022 11:45,70.80,69,67.30,70,63.10,62,58.90,44,65.70,245,4,0.00
9/14/2022 11:50,70.50,73,67.00,73,62.70,65,58.50,46,65.40,257,4,0.00
9/14/2022 11:55,70.40,91,66.90,88,62.50,79,58.50,52,65.40,310,4,0.00
9/14/2022 12:00,70.80,80,67.30,80,63.10,71,58.90,42,65.90,273,4,0.00
9/14/2022 12:05,70.50,71,67.00,72,62.70,64,58.60,46,65.40,253,4,0.00
9/14/2022 12:10,70.40,80,66.80,80,62.60,71,58.70,47,65.40,278,4,0.00
9/14/2022 12:15,70.40,94,66.90,92,62.60,82,59.00,57,65.40,325,4,0.00
9/14/2022 12:20,70.20,91,66.70,88,62.40,79,58.90,56,65.20,314,4,0.00
9/14/2022 12:25,70.20,85,66.70,84,62.40,75,58.80,52,65.20,296,4,0.00
9/14/2022 12:30,70.40,82,66.90,81,62.60,72,58.80,51,65.40,286,4,0.00
9/14/2022 12:35,70.60,87,67.00,85,62.80,76,58.80,54,65.50,302,4,0.00
9/14/2022 12:40,70.60,97,67.10,94,62.80,84,58.60,54,65.70,329,4,0.00
9/14/2022 12:45,70.60,85,67.10,84,62.90,75,59.10,52,65.60,296,4,0.00
9/14/2022 12:50,70.70,78,67.10,78,62.90,69,59.00,44,65.70,269,4,0.00
9/14/2022 12:55,70.60,70,67.00,71,62.80,63,58.90,44,65.50,248,4,0.00
9/14/2022 13:00,70.80,83,67.30,82,63.00,73,58.80,51,65.70,289,4,0.00
9/14/2022 13:05,70.80,84,67.30,83,63.10,74,58.80,51,65.80,292,4,0.00
9/14/2022 13:10,71.00,82,67.50,81,63.20,72,59.20,53,65.90,288,4,0.00
9/14/2022 13:15,71.10,79,67.60,79,63.40,70,59.30,49,66.10,277,4,0.00
9/14/2022 13:20,70.60,91,67.10,88,62.90,79,59.00,52,65.70,310,4,0.00
9/14/2022 13:25,70.90,79,67.30,79,63.10,70,59.00,48,65.80,276,4,0.00
9/14/2022 13:30,71.20,102,67.70,98,63.50,88,59.00,63,66.10,351,4,0.00
9/14/2022 13:35,70.80,77,67.30,76,63.10,68,59.10,44,65.90,265,4,0.00
9/14/2022 13:40,71.30,79,67.80,79,63.60,70,59.30,51,66.20,279,4,0.00
9/14/2022 13:45,71.00,80,67.50,79,63.30,71,59.00,50,65.90,280,4,0.00
9/14/2022 13:50,70.60,92,67.10,89,62.80,80,59.00,56,65.60,317,4,0.00
9/14/2022 13:55,70.40,56,66.90,59,62.60,51,59.00,32,65.50,198,4,0.00
9/14/2022 14:00,70.40,91,66.90,88,62.60,79,58.70,57,65.30,315,4,0.00
9/14/2022 14:05,70.60,78,67.00,78,62.80,69,58.90,48,65.50,273,4,0.00
9/14/2022 14:10,70.20,64,66.70,66,62.40,58,59.10,40,65.20,228,4,0.00
9/14/2022 14:15,70.00,77,66.60,76,62.30,68,59.10,49,65.10,270,4,0.00
9/14/2022 14:20,70.40,96,66.90,93,62.60,83,59.00,59,65.40,331,4,0.00
9/14/2022 14:25,70.50,76,67.00,76,62.70,67,58.90,47,65.50,266,4,0.00
9/14/2022 14:30,70.40,88,66.90,86,62.60,77,59.10,54,65.40,305,4,0.00
9/14/2022 14:35,70.20,88,66.80,86,62.50,77,59.20,54,65.40,305,4,0.00
9/14/2022 14:40,70.10,96,66.70,93,62.40,83,59.00,60,65.20,332,4,0.00
9/14/2022 14:45,70.10,89,66.70,87,62.40,78,58.70,55,65.20,309,4,0.00
9/14/2022 14:50,70.10,74,66.70,74,62.40,66,58.80,45,65.20,259,4,0.00
9/14/2022 14:55,70.20,73,66.80,73,62.50,65,58.80,42,65.40,253,4,0.00
9/14/2022 15:00,70.10,74,66.70,74,62.40,66,58.90,44,65.20,258,4,0.00
9/14/2022 15:05,70.10,88,66.70,86,62.40,77,58.80,53,65.20,304,4,0.00
9/14/2022 15:10,70.10,98,66.70,95,62.40,85,58.90,57,65.30,335,4,0.00
9/14/2022 15:15,70.40,94,66.90,92,62.60,82,59.00,61,65.40,329,4,0.00
9/14/2022 15:20,70.50,102,67.00,98,62.70,88,59.00,58,65.60,346,4,0.00
9/14/2022 15:25,69.90,100,66.50,96,62.10,86,58.70,57,65.10,339,4,0.00
9/14/2022 15:30,70.10,90,66.70,88,62.40,78,59.10,58,65.20,314,4,0.00
9/14/2022 15:35,70.40,85,66.90,83,62.60,74,59.50,53,65.50,295,4,0.00
9/14/2022 15:40,70.40,102,66.90,98,62.60,88,59.30,58,65.50,346,4,0.00
9/14/2022 15:45,70.00,94,66.60,92,62.30,82,59.10,54,65.20,322,4,0.00
9/14/2022 15:50,70.00,89,66.60,87,62.30,78,58.90,57,65.10,311,4,0.00
9/14/2022 15:55,70.00,89,66.60,87,62.30,77,58.90,54,65.20,307,4,0.00
9/14/2022 16:00,70.20,92,66.80,89,62.50,80,59.40,55,65.40,316,4,0.00
9/14/2022 16:05,70.50,87,67.00,85,62.70,76,59.60,55,65.60,303,4,0.00
9/14/2022 16:10,71.10,103,67.60,99,63.40,89,59.50,63,66.10,354,4,0.00
9/14/2022 16:15,71.10,98,67.60,95,63.40,85,59.50,61,66.10,339,4,0.00
9/14/2022 16:20,71.20,85,67.70,84,63.50,75,59.50,54,66.10,298,4,0.00
9/14/2022 16:25,71.40,112,67.90,106,63.70,95,59.60,70,66.40,383,4,0.00
9/14/2022 16:30,71.10,116,67.60,110,63.50,99,59.30,71,66.10,396,4,0.00
9/14/2022 16:35,71.10,103,67.60,99,63.40,89,59.60,63,66.10,354,4,0.00
9/14/2022 16:40,70.90,102,67.40,98,63.20,88,59.40,66,65.90,354,4,0.00
9/14/2022 16:45,70.80,101,67.30,97,63.10,87,59.30,64,65.80,349,4,0.00
9/14/2022 16:50,70.70,110,67.20,105,63.00,94,59.50,66,65.80,375,4,0.00
9/14/2022 16:55,70.70,100,67.20,96,62.90,86,59.40,61,65.80,343,4,0.00
9/14/2022 17:00,70.40,95,66.90,92,62.60,83,59.10,60,65.40,330,4,0.00
9/14/2022 17:05,70.70,111,67.20,105,62.90,94,59.30,70,65.70,380,4,0.00
9/14/2022 17:10,71.10,111,67.60,105,63.40,94,59.40,70,66.00,380,4,0.00
9/14/2022 17:15,71.30,126,67.80,118,63.60,106,59.10,81,66.10,431,4,0.00
9/14/2022 17:20,71.60,109,68.10,103,64.00,93,59.20,68,66.50,373,4,0.00
9/14/2022 17:25,71.50,124,68.00,116,63.90,105,59.30,80,66.40,425,4,0.00
9/14/2022 17:30,71.60,105,68.10,101,64.10,90,59.20,63,66.60,359,4,0.00
9/14/2022 17:35,71.60,105,68.10,101,64.00,90,59.40,65,66.50,361,4,0.00
9/14/2022 17:40,71.40,103,67.90,99,63.70,89,59.20,61,66.30,352,4,0.00
9/14/2022 17:45,71.50,94,68.00,92,63.90,82,59.20,58,66.40,326,4,0.00
9/14/2022 17:50,71.40,87,67.90,85,63.80,76,59.50,52,66.40,300,4,0.00
9/14/2022 17:55,71.00,88,67.50,86,63.30,77,59.20,54,66.00,305,4,0.00
9/14/2022 18:00,71.30,87,67.80,85,63.60,76,59.40,55,66.20,303,4,0.00
9/14/2022 18:05,71.20,99,67.70,95,63.50,85,59.20,59,66.20,338,4,0.00
9/14/2022 18:10,71.20,78,67.80,78,63.60,69,59.30,49,66.20,274,4,0.00
9/14/2022 18:15,71.30,79,67.80,79,63.60,70,59.50,51,66.20,279,4,0.00
9/14/2022 18:20,71.10,87,67.60,85,63.40,76,59.40,53,66.10,301,4,0.00
9/14/2022 18:25,70.80,98,67.20,95,63.00,85,59.50,59,65.80,337,4,0.00
9/14/2022 18:30,70.90,79,67.40,79,63.20,70,59.20,49,65.90,277,4,0.00
9/14/2022 18:35,70.60,80,67.00,80,62.80,71,59.30,48,65.60,279,4,0.00
9/14/2022 18:40,70.50,67,67.00,68,62.70,61,59.40,42,65.50,238,4,0.00
9/14/2022 18:45,70.30,70,66.70,71,62.40,63,59.20,42,65.30,246,4,0.00
9/14/2022 18:50,70.20,69,66.80,70,62.50,62,59.60,39,65.50,240,4,0.00
9/14/2022 18:55,70.60,68,67.10,69,62.80,61,59.10,37,65.70,235,4,0.00
9/14/2022 19:00,70.40,66,66.80,68,62.50,59,59.20,39,65.50,232,4,0.00
9/14/2022 19:05,70.40,62,66.80,64,62.60,56,59.60,35,65.60,217,4,0.00
9/14/2022 19:10,70.70,57,67.20,60,63.00,52,59.70,33,65.90,202,4,0.00
9/14/2022 19:15,71.30,44,67.80,50,63.70,42,59.50,27,66.30,163,4,0.00
9/14/2022 19:20,70.90,61,67.40,64,63.20,55,59.50,35,66.00,215,4,0.00
9/14/2022 19:25,71.30,66,67.80,68,63.60,59,59.90,38,66.40,231,4,0.00
9/14/2022 19:30,71.00,52,67.50,56,63.30,48,59.70,32,66.10,188,4,0.00
9/14/2022 19:35,70.80,54,67.30,57,63.00,50,59.70,34,65.80,195,4,0.00
9/14/2022 19:40,71.20,59,67.70,61,63.50,53,59.80,34,66.30,207,4,0.00
9/14/2022 19:45,71.10,60,67.60,62,63.50,54,59.80,32,66.30,208,4,0.00
9/14/2022 19:50,70.90,43,67.30,48,63.10,41,59.80,25,66.00,157,4,0.00
9/14/2022 19:55,70.50,40,67.00,45,62.70,39,59.40,25,65.60,149,4,0.00
9/14/2022 20:00,70.80,55,67.30,58,63.00,50,59.30,32,65.90,195,4,0.00
9/14/2022 20:05,70.50,51,67.00,55,62.70,47,59.30,27,65.70,180,4,0.00
9/14/2022 20:10,70.60,51,67.10,55,62.80,47,59.30,25,65.90,178,4,0.00
9/14/2022 20:15,70.70,43,67.20,48,63.00,41,59.60,23,65.90,155,4,0.00
9/14/2022 20:20,70.90,51,67.40,55,63.20,47,59.40,29,66.00,182,4,0.00
9/14/2022 20:25,71.00,47,67.50,52,63.30,44,59.60,24,66.20,167,4,0.00
9/14/2022 20:30,71.00,39,67.50,45,63.30,38,59.80,21,66.20,143,4,0.00
9/14/2022 20:35,71.00,31,67.50,38,63.30,33,59.50,20,65.90,122,4,0.00
9/14/2022 20:40,71.80,50,68.30,54,64.20,46,59.60,26,66.90,176,4,0.00
9/14/2022 20:45,71.70,42,68.20,47,64.10,40,59.40,23,66.80,152,4,0.00
9/14/2022 20:50,71.50,41,68.00,46,63.90,39,59.50,25,66.50,151,4,0.00
9/14/2022 20:55,71.80,44,68.30,50,64.20,42,59.50,20,67.00,156,4,0.00
9/14/2022 21:00,72.10,34,68.70,41,64.60,34,59.60,19,67.20,128,4,0.00
9/14/2022 21:05,72.30,29,68.80,37,65.00,30,59.70,14,67.50,110,4,0.00
9/14/2022 21:10,71.80,35,68.30,42,64.30,35,59.40,20,66.80,132,4,0.00
9/14/2022 21:15,71.60,41,68.10,46,64.10,39,59.30,21,66.80,147,4,0.00
9/14/2022 21:20,71.90,33,68.40,40,64.50,33,59.50,20,66.90,126,4,0.00
9/14/2022 21:25,72.30,43,68.80,48,65.00,41,59.70,23,67.40,155,4,0.00
9/14/2022 21:30,72.40,22,69.00,30,65.00,26,59.90,13,67.40,91,4,0.00
9/14/2022 21:35,72.60,51,69.10,55,65.30,47,60.00,25,67.80,178,4,0.00
9/14/2022 21:40,72.20,38,68.80,44,64.70,37,59.90,22,67.20,141,4,0.00
9/14/2022 21:45,72.60,32,69.10,39,65.20,32,60.00,16,67.80,119,4,0.00
9/14/2022 21:50,72.50,25,69.00,32,65.30,27,59.90,14,67.60,98,4,0.00
9/14/2022 21:55,72.20,23,68.80,31,64.70,25,59.90,12,67.40,91,4,0.00
9/14/2022 22:00,72.10,30,68.70,38,64.70,31,59.70,15,67.30,114,4,0.00
9/14/2022 22:05,72.00,20,68.50,29,64.60,23,59.10,39,65.10,111,4,0.00
9/14/2022 22:10,72.20,24,68.70,32,64.80,26,59.70,12,67.40,94,4,0.00
9/14/2022 22:15,72.40,18,68.90,27,65.10,21,60.30,40,65.50,106,4,0.00
9/14/2022 22:20,72.20,23,68.70,31,64.80,25,59.70,12,67.30,91,4,0.00
9/14/2022 22:25,72.00,28,68.50,35,64.60,29,59.60,12,67.30,104,4,0.00
9/14/2022 22:30,71.60,16,68.20,26,64.00,20,59.70,9,66.70,71,4,0.00
9/14/2022 22:35,72.30,17,68.80,26,64.90,22,59.70,9,67.30,74,4,0.00
9/14/2022 22:40,72.10,12,68.70,23,64.60,17,60.10,36,64.90,88,4,0.00
9/14/2022 22:45,72.10,16,68.60,26,64.60,20,59.60,30,65.40,92,4,0.00
9/14/2022 22:50,71.80,10,68.30,20,64.20,15,59.50,31,64.40,76,4,0.00
9/14/2022 22:55,71.40,18,67.90,20,63.80,15,59.50,27,65.10,80,4,0.00
9/14/2022 23:00,71.20,22,67.70,19,63.50,14,59.60,29,65.10,84,4,0.00
9/14/2022 23:05,71.40,24,68.00,27,63.80,21,59.60,33,65.30,105,4,0.00
9/14/2022 23:10,71.60,26,68.10,12,64.00,19,59.40,21,65.90,78,4,0.00
9/14/2022 23:15,71.50,20,68.00,18,63.80,13,59.30,24,65.40,75,4,0.00
9/14/2022 23:20,71.30,23,67.80,18,63.70,13,59.50,28,65.30,82,4,0.00
9/14/2022 23:25,71.20,22,67.70,20,63.50,15,59.50,26,65.30,83,4,0.00
9/14/2022 23:30,70.90,17,67.40,14,63.10,9,59.60,25,64.70,65,4,0.00
9/14/2022 23:35,71.00,16,67.50,13,63.30,8,59.50,26,64.60,63,4,0.00
9/14/2022 23:40,71.00,13,67.50,13,63.30,8,59.60,24,64.40,58,4,0.00
9/14/2022 23:45,71.50,18,68.10,16,63.90,11,59.50,23,65.40,68,4,0.00
9/14/2022 23:50,70.90,14,67.30,15,63.10,10,59.40,24,64.40,63,4,0.00
9/14/2022 23:55,70.70,29,67.20,11,63.00,6,59.50,23,65.80,69,4,0.00
9/15/2022 0:00,71.90,15,68.50,15,64.40,10,59.90,25,65.30,65,4,0.00
9/15/2022 0:05,72.00,12,68.50,14,64.50,9,59.80,23,65.20,58,4,0.00
9/15/2022 0:10,71.10,31,67.60,25,63.40,19,59.70,18,66.40,93,4,0.00
9/15/2022 0:15,70.80,28,67.30,24,63.10,19,59.40,22,65.60,93,4,0.00
9/15/2022 0:20,71.00,21,67.50,21,63.30,17,59.70,23,65.30,82,4,0.00
9/15/2022 0:25,70.90,27,67.40,10,63.10,18,59.90,24,65.30,79,4,0.00
9/15/2022 0:30,70.70,23,67.10,21,62.90,16,59.50,21,65.30,81,4,0.00
9/15/2022 0:35,70.70,23,67.10,21,62.90,16,59.60,19,65.50,79,4,0.00
9/15/2022 0:40,70.40,8,66.80,19,62.60,15,59.60,18,64.10,60,4,0.00
9/15/2022 0:45,70.20,17,66.80,19,62.50,15,59.60,16,65.00,67,4,0.00
9/15/2022 0:50,70.30,23,66.80,21,62.50,16,59.40,16,65.40,76,4,0.00
9/15/2022 0:55,70.20,28,66.80,22,62.50,17,59.50,18,65.50,85,4,0.00
9/15/2022 1:00,70.20,13,66.80,24,62.50,19,59.30,16,64.60,72,4,0.00
9/15/2022 1:05,70.20,18,66.80,19,62.50,14,59.30,17,64.90,68,4,0.00
9/15/2022 1:10,70.20,18,66.80,20,62.50,15,59.50,20,64.80,73,4,0.00
9/15/2022 1:15,70.30,21,66.80,19,62.50,14,59.40,17,65.20,71,4,0.00
9/15/2022 1:20,70.40,11,66.80,22,62.50,17,59.50,22,64.10,72,4,0.00
9/15/2022 1:25,70.60,25,67.00,21,62.80,16,59.50,17,65.70,79,4,0.00
9/15/2022 1:30,70.30,30,66.80,12,62.50,20,58.80,21,65.00,83,4,0.00
9/15/2022 1:35,70.30,24,66.80,22,62.50,17,59.30,17,65.30,80,4,0.00
9/15/2022 1:40,70.60,15,67.10,17,62.80,13,59.50,17,65.00,62,4,0.00
9/15/2022 1:45,70.50,23,67.00,20,62.70,15,59.60,19,65.40,77,4,0.00
9/15/2022 1:50,70.50,18,66.90,20,62.70,15,59.60,16,65.20,69,4,0.00
9/15/2022 1:55,70.50,24,67.00,20,62.70,15,59.60,16,65.70,75,4,0.00
9/15/2022 2:00,70.80,23,67.30,20,63.00,15,59.60,18,65.70,76,4,0.00
9/15/2022 2:05,70.60,15,67.10,18,62.80,13,59.60,18,64.90,64,4,0.00
9/15/2022 2:10,70.50,10,67.00,21,62.70,16,59.70,18,64.50,65,4,0.00
9/15/2022 2:15,70.80,18,67.20,17,63.00,13,59.60,18,65.30,66,4,0.00
9/15/2022 2:20,70.90,23,67.40,21,63.20,16,59.50,20,65.60,80,4,0.00
9/15/2022 2:25,70.90,24,67.30,22,63.10,17,59.60,17,65.80,80,4,0.00
9/15/2022 2:30,70.50,17,67.00,27,62.70,21,59.40,20,64.80,85,4,0.00
9/15/2022 2:35,71.30,16,67.80,13,63.70,21,59.00,21,64.80,71,4,0.00
9/15/2022 2:40,71.30,12,67.80,14,63.60,9,59.50,25,64.40,60,4,0.00
9/15/2022 2:45,70.90,24,67.30,6,63.10,2,59.30,22,65.50,54,4,0.00
9/15/2022 2:50,70.90,26,67.40,24,63.10,19,58.70,20,65.50,89,4,0.00
9/15/2022 2:55,71.10,14,67.60,18,63.40,13,59.30,17,65.20,62,4,0.00
9/15/2022 3:00,70.80,29,67.30,22,63.00,17,59.50,22,65.70,90,4,0.00
9/15/2022 3:05,70.50,14,66.90,16,62.70,11,59.40,22,64.40,63,4,0.00
9/15/2022 3:10,70.20,17,66.80,14,62.50,9,59.60,24,64.40,64,4,0.00
9/15/2022 3:15,70.70,24,67.10,11,62.90,17,59.70,25,64.90,77,4,0.00
9/15/2022 3:20,70.90,27,67.30,10,63.10,18,59.50,22,65.40,77,4,0.00
9/15/2022 3:25,71.10,15,67.60,14,63.40,9,59.50,26,64.60,64,4,0.00
9/15/2022 3:30,71.00,20,67.50,17,63.30,12,59.80,25,65.20,74,4,0.00
9/15/2022 3:35,71.30,22,67.80,16,63.60,11,59.70,24,65.50,73,4,0.00
9/15/2022 3:40,71.70,22,68.20,16,64.10,11,59.30,27,65.50,76,4,0.00
9/15/2022 3:45,72.10,5,68.60,16,64.60,11,59.90,29,64.10,61,4,0.00
9/15/2022 3:50,71.80,12,68.30,23,64.30,17,59.60,29,64.90,81,4,0.00
9/15/2022 3:55,71.80,20,68.40,18,64.30,13,59.40,28,65.40,79,4,0.00
9/15/2022 4:00,71.80,7,68.30,18,64.20,13,59.50,28,64.10,66,4,0.00
9/15/2022 4:05,72.10,29,68.70,37,64.60,30,59.80,14,67.30,110,4,0.00
9/15/2022 4:10,72.00,14,68.50,24,64.60,18,59.50,7,67.10,63,4,0.00
9/15/2022 4:15,72.40,18,69.00,27,65.00,22,59.90,11,67.40,78,4,0.00
9/15/2022 4:20,72.30,32,68.90,39,64.90,32,59.80,17,67.40,120,4,0.00
9/15/2022 4:25,72.20,30,68.80,37,64.70,32,59.80,18,67.20,117,4,0.00
9/15/2022 4:30,71.90,18,68.40,27,64.40,21,60.70,41,65.30,107,4,0.00
9/15/2022 4:35,72.20,35,68.80,42,64.70,36,60.00,21,67.20,134,4,0.00
9/15/2022 4:40,72.10,43,68.60,48,64.80,41,59.60,25,67.20,157,4,0.00
9/15/2022 4:45,72.00,44,68.50,50,64.60,42,59.60,23,67.10,159,4,0.00
9/15/2022 4:50,72.30,38,68.80,43,65.00,38,59.80,24,67.20,143,4,0.00
9/15/2022 4:55,72.40,49,68.90,53,65.20,46,59.80,31,67.30,179,4,0.00
9/15/2022 5:00,72.10,53,68.60,57,64.70,49,59.60,31,67.10,190,4,0.00
9/15/2022 5:05,72.30,69,68.90,70,64.90,62,59.80,41,67.30,242,4,0.00
9/15/2022 5:10,72.40,78,68.90,78,64.90,69,60.00,50,67.30,275,4,0.00
9/15/2022 5:15,72.40,105,68.90,100,64.90,89,59.10,64,67.20,358,4,0.00
9/15/2022 5:20,72.40,96,69.00,93,65.00,83,59.50,62,67.20,334,4,0.00
9/15/2022 5:25,72.10,87,68.60,85,64.80,76,59.50,55,67.00,303,4,0.00
9/15/2022 5:30,71.90,100,68.40,96,64.50,86,59.50,61,66.90,343,4,0.00
9/15/2022 5:35,72.00,113,68.50,107,64.60,96,59.50,69,67.00,385,4,0.00
9/15/2022 5:40,72.10,110,68.60,105,64.60,94,59.60,70,66.90,379,4,0.00
9/15/2022 5:45,72.00,106,68.50,102,64.60,91,59.60,69,66.90,368,4,0.00
9/15/2022 5:50,72.30,108,68.90,104,65.00,93,59.80,68,67.20,373,4,0.00
9/15/2022 5:55,71.70,115,68.20,109,64.30,98,59.40,72,66.70,394,4,0.00
9/15/2022 6:00,71.40,104,67.90,100,63.90,89,59.30,62,66.40,355,4,0.00
9/15/2022 6:05,71.60,111,68.10,105,64.10,94,59.30,69,66.50,379,4,0.00
9/15/2022 6:10,71.40,120,67.90,114,63.80,102,59.20,75,66.30,411,4,0.00
9/15/2022 6:15,71.40,124,67.90,116,63.80,105,59.10,75,66.30,420,4,0.00
9/15/2022 6:20,71.10,111,67.50,105,63.40,94,59.00,70,66.00,380,4,0.00
9/15/2022 6:25,71.10,111,67.50,105,63.40,94,59.00,71,65.90,381,4,0.00
9/15/2022 6:30,70.70,132,67.20,123,63.00,111,58.70,82,65.60,448,4,0.00
9/15/2022 6:35,70.50,130,67.00,122,62.70,110,58.50,77,65.50,439,4,0.00
9/15/2022 6:40,70.30,143,66.80,133,62.40,120,58.40,92,65.20,488,4,0.00
9/15/2022 6:45,70.20,148,66.80,137,62.50,124,58.40,91,65.20,500,4,0.00
9/15/2022 6:50,70.50,139,67.00,129,62.70,117,58.60,85,65.40,470,4,0.00
9/15/2022 6:55,70.50,124,67.00,116,62.70,105,58.60,78,65.40,423,4,0.00
9/15/2022 7:00,70.80,128,67.30,120,63.00,108,58.70,82,65.60,438,4,0.00
9/15/2022 7:05,70.70,146,67.10,134,62.90,120,58.60,91,65.60,491,4,0.00
9/15/2022 7:10,70.60,129,67.10,121,62.80,109,58.50,83,65.50,442,4,0.00
9/15/2022 7:15,70.40,152,66.90,140,62.50,127,58.40,90,65.40,509,4,0.00
9/15/2022 7:20,70.40,146,66.80,135,62.50,122,58.40,92,65.20,495,4,0.00
9/15/2022 7:25,70.50,147,67.00,136,62.70,122,58.60,94,65.40,499,4,0.00
9/15/2022 7:30,70.40,150,66.80,137,62.50,124,58.50,98,65.20,509,4,0.00
9/15/2022 7:35,70.40,150,66.90,138,62.60,125,57.70,95,65.10,508,4,0.00
9/15/2022 7:40,70.60,131,67.10,121,62.90,109,57.30,92,65.10,453,4,0.00
9/15/2022 7:45,70.40,148,66.80,137,62.50,123,56.90,112,64.70,520,4,0.00
9/15/2022 7:50,70.00,140,66.60,130,62.30,117,56.80,98,64.50,485,4,0.00
9/15/2022 7:55,70.20,129,66.80,120,62.50,108,56.60,94,64.60,451,4,0.00
9/15/2022 8:00,70.10,133,66.70,123,62.30,111,55.80,88,64.50,455,4,0.00
9/15/2022 8:05,70.00,147,66.60,135,62.30,121,56.30,95,64.60,498,4,0.00
9/15/2022 8:10,70.20,151,66.80,138,62.50,124,57.00,98,64.90,511,4,0.00
9/15/2022 8:15,70.20,159,66.80,145,62.50,130,57.40,100,65.00,534,4,0.00
9/15/2022 8:20,70.20,141,66.80,130,62.50,118,57.80,92,65.00,481,4,0.00
9/15/2022 8:25,70.20,155,66.80,141,62.50,127,57.70,93,65.10,516,4,0.00
9/15/2022 8:30,70.40,154,66.90,141,62.60,127,58.10,98,65.20,520,4,0.00
9/15/2022 8:35,70.00,140,66.50,129,62.10,116,58.10,95,64.80,480,4,0.00
9/15/2022 8:40,69.80,142,66.30,132,61.70,119,56.40,86,64.40,479,4,0.00
9/15/2022 8:45,69.70,142,66.20,131,61.70,117,57.20,82,64.60,472,4,0.00
9/15/2022 8:50,69.90,140,66.40,129,61.80,116,57.70,89,64.70,474,4,0.00
9/15/2022 8:55,69.80,151,66.40,138,62.00,124,57.70,93,64.70,506,4,0.00
9/15/2022 9:00,69.90,139,66.50,129,62.10,116,57.70,91,64.70,475,4,0.00
9/15/2022 9:05,70.10,144,66.70,132,62.40,119,57.30,92,64.90,487,4,0.00
9/15/2022 9:10,70.00,138,66.60,128,62.30,116,57.40,83,64.90,465,4,0.00
9/15/2022 9:15,69.60,120,66.30,113,61.90,102,57.40,73,64.60,408,4,0.00
9/15/2022 9:20,69.60,101,66.30,97,61.90,87,57.20,56,64.70,341,4,0.00
9/15/2022 9:25,70.00,129,66.60,120,62.30,108,57.40,83,64.80,440,4,0.00
9/15/2022 9:30,70.00,145,66.60,133,62.30,120,57.40,95,64.80,493,4,0.00
9/15/2022 9:35,70.10,138,66.70,128,62.40,116,57.70,87,65.00,469,4,0.00
9/15/2022 9:40,70.10,120,66.70,113,62.40,102,57.80,77,65.00,412,4,0.00
9/15/2022 9:45,70.20,134,66.80,125,62.50,113,57.70,85,65.00,457,4,0.00
9/15/2022 9:50,70.50,101,67.00,97,62.70,87,58.30,65,65.30,350,4,0.00
9/15/2022 9:55,70.40,107,66.90,102,62.60,92,58.50,65,65.30,366,4,0.00
9/15/2022 10:00,70.40,105,66.90,100,62.50,90,58.40,62,65.30,357,4,0.00
9/15/2022 10:05,70.30,62,66.70,65,62.40,56,58.40,34,65.30,217,4,0.00
9/15/2022 10:10,70.00,119,66.60,112,62.30,101,58.10,73,65.00,405,4,0.00
9/15/2022 10:15,70.10,118,66.70,111,62.40,100,58.00,70,65.10,399,4,0.00
9/15/2022 10:20,70.20,95,66.70,92,62.40,83,58.30,56,65.20,326,4,0.00
9/15/2022 10:25,70.20,85,66.70,84,62.40,75,58.30,53,65.10,297,4,0.00
9/15/2022 10:30,70.20,91,66.80,88,62.50,79,58.10,54,65.20,312,4,0.00
9/15/2022 10:35,70.20,88,66.80,86,62.50,77,57.90,56,65.10,307,4,0.00
9/15/2022 10:40,70.50,93,67.00,91,62.70,81,58.60,58,65.40,323,4,0.00
9/15/2022 10:45,70.80,84,67.30,83,63.00,74,58.80,53,65.70,294,4,0.00
9/15/2022 10:50,70.50,105,67.00,100,62.70,90,58.50,59,65.50,354,4,0.00
9/15/2022 10:55,70.80,84,67.30,83,63.00,74,58.80,53,65.70,294,4,0.00
9/15/2022 11:00,71.00,82,67.50,81,63.30,72,58.90,51,65.90,286,4,0.00
9/15/2022 11:05,71.10,88,67.60,86,63.50,77,59.00,52,66.10,303,4,0.00
9/15/2022 11:10,70.80,89,67.30,87,63.10,78,58.80,54,65.80,308,4,0.00
9/15/2022 11:15,71.10,85,67.50,84,63.40,75,59.00,53,66.00,297,4,0.00
9/15/2022 11:20,71.10,79,67.60,79,63.40,70,58.90,50,66.00,278,4,0.00
9/15/2022 11:25,71.20,83,67.70,82,63.50,73,58.90,52,66.10,290,4,0.00
9/15/2022 11:30,70.70,87,67.20,85,62.90,76,58.70,55,65.60,303,4,0.00
9/15/2022 11:35,71.00,92,67.50,89,63.30,80,58.80,55,65.90,316,4,0.00
9/15/2022 11:40,71.30,84,67.80,83,63.70,74,59.20,51,66.30,292,4,0.00
9/15/2022 11:45,70.80,92,67.20,89,63.00,80,58.70,56,65.70,317,4,0.00
9/15/2022 11:50,71.10,87,67.60,85,63.40,76,58.90,50,66.10,298,4,0.00
9/15/2022 11:55,71.40,78,67.80,78,63.70,69,59.10,48,66.30,273,4,0.00
9/15/2022 12:00,71.10,85,67.60,84,63.40,75,59.00,49,66.10,293,4,0.00
9/15/2022 12:05,70.90,83,67.40,82,63.20,73,58.90,49,65.90,287,4,0.00
9/15/2022 12:10,71.10,82,67.60,81,63.40,72,58.90,50,66.00,285,4,0.00
9/15/2022 12:15,71.10,82,67.60,81,63.40,72,59.00,52,66.00,287,4,0.00
9/15/2022 12:20,70.90,92,67.40,89,63.20,80,58.90,51,65.90,312,4,0.00
9/15/2022 12:25,70.80,91,67.20,88,63.00,79,58.70,48,65.80,306,4,0.00
9/15/2022 12:30,70.60,91,67.10,88,62.70,79,58.60,51,65.60,309,4,0.00
9/15/2022 12:35,70.70,91,67.10,88,62.90,79,58.60,54,65.60,312,4,0.00
9/15/2022 12:40,70.80,100,67.30,96,63.00,86,58.70,53,65.90,335,4,0.00
9/15/2022 12:45,70.80,94,67.30,92,63.00,82,58.80,56,65.80,324,4,0.00
9/15/2022 12:50,70.50,94,66.90,92,62.60,82,58.60,55,65.40,323,4,0.00
9/15/2022 12:55,70.70,94,67.20,92,63.00,82,58.80,56,65.70,324,4,0.00
9/15/2022 13:00,70.60,85,67.10,83,62.80,74,58.60,54,65.50,296,4,0.00
9/15/2022 13:05,70.70,87,67.10,85,62.90,76,58.80,50,65.70,298,4,0.00
9/15/2022 13:10,70.90,75,67.40,75,63.20,67,59.00,48,65.80,265,4,0.00
9/15/2022 13:15,71.00,100,67.50,96,63.20,86,59.00,55,66.00,337,4,0.00
9/15/2022 13:20,70.70,82,67.10,81,62.90,72,59.20,50,65.70,285,4,0.00
9/15/2022 13:25,71.00,81,67.50,80,63.30,72,59.00,52,65.90,285,4,0.00
9/15/2022 13:30,70.80,93,67.20,91,63.00,81,59.10,55,65.80,320,4,0.00
9/15/2022 13:35,71.10,83,67.60,82,63.40,73,59.20,53,66.00,291,4,0.00
9/15/2022 13:40,70.90,97,67.40,94,63.20,84,59.10,60,65.80,335,4,0.00
9/15/2022 13:45,70.60,92,67.00,89,62.80,80,59.10,53,65.60,314,4,0.00
9/15/2022 13:50,70.40,84,66.80,83,62.50,74,59.00,53,65.30,294,4,0.00
9/15/2022 13:55,70.60,105,67.00,100,62.80,90,59.00,58,65.70,353,4,0.00
9/15/2022 14:00,70.80,83,67.30,82,63.10,73,59.10,49,65.80,287,4,0.00
9/15/2022 14:05,70.50,89,67.00,87,62.70,78,59.30,55,65.60,309,4,0.00
9/15/2022 14:10,70.60,73,67.10,73,62.90,65,59.10,46,65.60,257,4,0.00
9/15/2022 14:15,70.60,93,67.10,91,62.80,81,59.10,59,65.60,324,4,0.00
9/15/2022 14:20,70.70,111,67.10,106,62.90,95,59.10,67,65.70,379,4,0.00
9/15/2022 14:25,70.90,89,67.40,87,63.20,78,59.10,51,66.00,305,4,0.00
9/15/2022 14:30,71.20,94,67.70,92,63.50,82,59.20,57,66.20,325,4,0.00
9/15/2022 14:35,71.00,47,67.50,52,63.30,44,58.90,28,66.00,171,4,0.00
9/15/2022 14:40,71.00,75,67.50,75,63.30,67,59.00,42,66.00,259,4,0.00
9/15/2022 14:45,71.10,84,67.50,83,63.40,74,58.90,50,66.00,291,4,0.00
9/15/2022 14:50,71.10,85,67.60,84,63.50,75,59.10,50,66.10,294,4,0.00
9/15/2022 14:55,70.60,66,67.10,68,62.80,60,59.20,43,65.50,237,4,0.00
9/15/2022 15:00,70.60,91,67.00,88,62.80,79,58.90,53,65.60,311,4,0.00
9/15/2022 15:05,70.50,91,67.00,88,62.70,79,58.80,56,65.50,314,4,0.00
9/15/2022 15:10,70.60,94,67.10,91,62.80,82,59.00,59,65.60,326,4,0.00
9/15/2022 15:15,70.50,111,67.00,106,62.70,95,59.10,61,65.70,373,4,0.00
9/15/2022 15:20,70.80,93,67.30,90,63.10,80,59.00,57,65.80,320,4,0.00
9/15/2022 15:25,70.80,102,67.30,98,63.00,88,58.80,63,65.70,351,4,0.00
9/15/2022 15:30,70.60,91,67.10,89,62.90,79,58.90,58,65.60,317,4,0.00
9/15/2022 15:35,70.50,98,66.90,95,62.60,85,59.00,53,65.60,331,4,0.00
9/15/2022 15:40,70.60,79,67.10,79,62.80,70,59.20,51,65.60,279,4,0.00
9/15/2022 15:45,70.60,88,67.00,86,62.80,77,59.10,56,65.50,307,4,0.00
9/15/2022 15:50,70.90,103,67.40,99,63.20,89,59.10,66,65.80,357,4,0.00
9/15/2022 15:55,70.60,92,67.10,89,62.80,80,59.20,58,65.60,319,4,0.00
9/15/2022 16:00,70.40,107,66.90,102,62.60,92,59.10,63,65.50,364,4,0.00
9/15/2022 16:05,70.50,101,67.00,97,62.70,87,59.20,58,65.60,343,4,0.00
9/15/2022 16:10,70.70,93,67.20,91,62.90,81,59.20,57,65.70,322,4,0.00
9/15/2022 16:15,70.40,99,66.80,95,62.50,85,59.10,61,65.40,340,4,0.00
9/15/2022 16:20,70.90,89,67.40,87,63.20,77,59.10,53,65.90,306,4,0.00
9/15/2022 16:25,71.10,106,67.60,101,63.40,91,59.30,65,66.10,363,4,0.00
9/15/2022 16:30,71.30,92,67.80,89,63.60,80,59.30,58,66.20,319,4,0.00
9/15/2022 16:35,71.20,100,67.70,96,63.50,86,59.20,57,66.20,339,4,0.00
9/15/2022 16:40,71.20,100,67.70,96,63.50,86,59.20,60,66.10,342,4,0.00
9/15/2022 16:45,71.10,97,67.60,94,63.40,84,59.40,58,66.10,333,4,0.00
9/15/2022 16:50,71.10,93,67.60,91,63.40,81,59.50,55,66.10,320,4,0.00
9/15/2022 16:55,71.10,97,67.60,94,63.40,84,59.40,61,66.10,336,4,0.00
9/15/2022 17:00,71.20,87,67.70,85,63.60,76,59.40,54,66.20,302,4,0.00
9/15/2022 17:05,70.60,105,67.10,100,62.90,90,59.00,67,65.60,362,4,0.00
9/15/2022 17:10,71.10,111,67.60,106,63.40,95,59.10,71,66.00,383,4,0.00
9/15/2022 17:15,71.20,123,67.70,115,63.60,104,59.30,71,66.30,413,4,0.00
9/15/2022 17:20,71.20,98,67.70,95,63.50,85,59.30,59,66.20,337,4,0.00
9/15/2022 17:25,71.40,106,67.90,101,63.80,91,59.40,62,66.50,360,4,0.00
9/15/2022 17:30,71.20,109,67.70,103,63.50,93,59.30,65,66.20,370,4,0.00
9/15/2022 17:35,71.50,89,68.10,87,63.90,77,59.50,52,66.60,305,4,0.00
9/15/2022 17:40,71.40,114,68.00,108,63.80,97,59.30,72,66.40,391,4,0.00
9/15/2022 17:45,71.50,103,68.00,99,63.90,89,59.10,60,66.40,351,4,0.00
9/15/2022 17:50,71.30,92,67.80,90,63.60,80,59.20,58,66.20,320,4,0.00
9/15/2022 17:55,71.10,92,67.60,89,63.40,80,59.30,59,66.00,320,4,0.00
9/15/2022 18:00,71.10,96,67.60,93,63.50,83,59.00,59,66.10,331,4,0.00
9/15/2022 18:05,71.50,78,68.00,78,63.90,69,59.10,50,66.30,275,4,0.00
9/15/2022 18:10,71.30,82,67.80,81,63.70,72,59.10,51,66.20,286,4,0.00
9/15/2022 18:15,71.50,88,68.00,86,63.90,77,59.40,52,66.50,303,4,0.00
9/15/2022 18:20,71.30,75,67.80,75,63.60,67,59.30,48,66.20,265,4,0.00
9/15/2022 18:25,71.20,74,67.70,74,63.50,66,59.30,42,66.20,256,4,0.00
9/15/2022 18:30,70.80,61,67.30,64,63.10,55,59.40,39,65.80,219,4,0.00
9/15/2022 18:35,70.60,88,67.00,86,62.80,77,59.40,52,65.70,303,4,0.00
9/15/2022 18:40,70.40,70,66.80,71,62.50,63,59.70,42,65.50,246,4,0.00
9/15/2022 18:45,70.40,71,66.90,72,62.60,64,59.90,41,65.60,248,4,0.00
9/15/2022 18:50,70.30,80,66.80,80,62.50,71,59.60,40,65.60,271,4,0.00
9/15/2022 18:55,70.40,69,66.90,70,62.60,62,59.30,36,65.70,237,4,0.00
9/15/2022 19:00,70.60,74,67.10,74,62.80,66,59.20,41,65.70,255,4,0.00
9/15/2022 19:05,70.70,60,67.20,62,62.90,54,59.50,34,65.80,210,4,0.00
9/15/2022 19:10,70.70,62,67.10,64,62.90,56,59.50,37,65.80,219,4,0.00
9/15/2022 19:15,71.10,62,67.60,65,63.40,56,59.60,39,66.10,222,4,0.00
9/15/2022 19:20,70.80,64,67.30,66,63.10,58,59.80,36,66.00,224,4,0.00
9/15/2022 19:25,71.00,52,67.50,56,63.20,49,60.00,33,66.00,190,4,0.00
9/15/2022 19:30,70.70,46,67.10,51,62.90,43,60.00,29,65.80,169,4,0.00
9/15/2022 19:35,70.60,53,67.00,57,62.80,49,59.90,32,65.70,191,4,0.00
9/15/2022 19:40,70.50,51,67.00,54,62.70,48,59.90,32,65.60,185,4,0.00
9/15/2022 19:45,70.40,46,66.90,51,62.60,43,59.70,25,65.70,165,4,0.00
9/15/2022 19:50,70.80,45,67.20,50,63.00,44,59.90,28,65.80,167,4,0.00
9/15/2022 19:55,71.80,59,68.40,61,64.30,53,60.00,32,67.00,205,4,0.00
9/15/2022 20:00,71.70,51,68.20,55,64.10,47,59.70,31,66.70,184,4,0.00
9/15/2022 20:05,71.90,52,68.50,56,64.40,48,59.70,31,67.00,187,4,0.00
9/15/2022 20:10,71.90,52,68.50,55,64.40,49,59.60,32,66.80,188,4,0.00
9/15/2022 20:15,71.60,56,68.20,59,64.00,51,59.60,26,66.90,192,4,0.00
9/15/2022 20:20,71.40,61,67.90,64,63.70,55,59.40,33,66.50,213,4,0.00
9/15/2022 20:25,71.40,51,67.90,55,63.70,47,59.20,25,66.60,178,4,0.00
9/15/2022 20:30,71.50,50,68.10,54,63.90,46,59.50,27,66.60,177,4,0.00
9/15/2022 20:35,71.90,47,68.50,52,64.40,44,59.60,26,67.00,169,4,0.00
9/15/2022 20:40,71.80,45,68.40,50,64.30,44,59.50,28,66.70,167,4,0.00
9/15/2022 20:45,71.70,52,68.30,56,64.20,48,59.60,30,66.80,186,4,0.00
9/15/2022 20:50,71.60,43,68.10,48,64.00,41,59.80,26,66.60,158,4,0.00
9/15/2022 20:55,71.80,46,68.30,51,64.20,43,59.50,27,66.80,167,4,0.00
9/15/2022 21:00,71.80,38,68.40,44,64.40,37,59.50,21,66.90,140,4,0.00
9/15/2022 21:05,72.20,38,68.70,44,64.90,37,59.70,21,67.30,140,4,0.00
9/15/2022 21:10,72.10,33,68.60,40,64.70,33,59.60,14,67.40,120,4,0.00
9/15/2022 21:15,72.40,34,69.00,41,65.10,34,59.90,19,67.50,128,4,0.00
9/15/2022 21:20,72.20,25,68.70,33,64.70,27,59.80,13,67.30,98,4,0.00
9/15/2022 21:25,72.00,37,68.60,43,64.50,36,60.00,21,67.10,137,4,0.00
9/15/2022 21:30,72.40,56,68.90,59,65.10,52,59.70,34,67.30,201,4,0.00
9/15/2022 21:35,72.40,59,69.00,61,65.20,53,59.70,36,67.40,209,4,0.00
9/15/2022 21:40,72.30,34,68.90,41,65.10,34,59.70,18,67.50,127,4,0.00
9/15/2022 21:45,72.40,32,68.90,39,65.10,32,59.80,15,67.70,118,4,0.00
9/15/2022 21:50,72.30,35,68.80,42,64.90,35,59.70,14,67.70,126,4,0.00
9/15/2022 21:55,72.30,31,68.80,38,65.00,33,59.70,20,67.20,122,4,0.00
9/15/2022 22:00,72.10,22,68.60,30,64.60,26,59.90,13,67.10,91,4,0.00
9/15/2022 22:05,72.30,20,68.80,29,64.80,23,60.50,39,65.70,111,4,0.00
9/15/2022 22:10,72.50,25,69.10,33,65.10,27,59.90,12,67.70,97,4,0.00
9/15/2022 22:15,72.60,24,69.10,32,65.20,26,60.10,13,67.70,95,4,0.00
9/15/2022 22:20,72.40,25,68.90,33,65.00,27,59.80,10,67.70,95,4,0.00
9/15/2022 22:25,72.50,29,69.00,36,65.30,31,59.90,15,67.60,111,4,0.00
9/15/2022 22:30,72.60,20,69.20,29,65.30,24,60.10,13,67.50,86,4,0.00
9/15/2022 22:35,72.70,24,69.30,32,65.30,26,60.00,13,67.80,95,4,0.00
9/15/2022 22:40,72.20,20,68.80,29,64.70,23,61.00,35,66.00,107,4,0.00
9/15/2022 22:45,72.10,12,68.70,23,64.60,17,60.50,38,64.90,90,4,0.00
9/15/2022 22:50,72.30,10,68.90,20,64.80,15,60.30,36,64.70,81,4,0.00
9/15/2022 22:55,71.90,7,68.40,18,64.40,13,59.90,29,64.30,67,4,0.00
9/15/2022 23:00,71.60,21,68.20,19,64.10,14,59.60,29,65.40,83,4,0.00
9/15/2022 23:05,72.00,21,68.60,20,64.60,15,60.10,30,65.80,86,4,0.00
9/15/2022 23:10,72.20,17,68.80,13,64.80,8,60.00,26,65.70,64,4,0.00
9/15/2022 23:15,71.80,24,68.30,23,64.30,17,59.50,29,65.70,93,4,0.00
9/15/2022 23:20,72.10,11,68.70,21,64.60,16,60.10,33,64.80,81,4,0.00
9/15/2022 23:25,71.70,27,68.30,17,64.20,12,59.90,25,66.20,81,4,0.00
9/15/2022 23:30,72.10,14,68.70,16,64.60,11,60.30,31,65.10,72,4,0.00
9/15/2022 23:35,72.10,19,68.60,17,64.70,12,59.40,28,65.50,76,4,0.00
9/15/2022 23:40,71.60,21,68.10,12,64.00,7,59.50,25,65.50,65,4,0.00
9/15/2022 23:45,71.90,21,68.50,20,64.40,15,59.90,27,65.80,83,4,0.00
9/15/2022 23:50,71.70,39,68.20,28,64.10,23,59.40,23,66.80,113,4,0.00
9/15/2022 23:55,71.30,12,67.80,23,63.70,18,59.20,20,65.00,73,4,0.00